--------------------------------------------------------
-- Archivo creado  - martes-marzo-28-2017   
--------------------------------------------------------
--------------------------------------------------------
--  DDL for Table ALUMNOS
--------------------------------------------------------

  CREATE TABLE "ALUMNOS" 
   (	"DNI" VARCHAR2(8 BYTE) PRIMARY KEY, 
	"APE1" VARCHAR2(10 BYTE), 
	"APE2" VARCHAR2(10 BYTE), 
	"NOMBRE" VARCHAR2(10 BYTE), 
	"EDAD" NUMBER(3,0), 
	"PROVINCIA" VARCHAR2(10 BYTE), 
	"BECA" CHAR(2 BYTE), 
	"SEXO" CHAR(1 BYTE), 
	"NOTA" NUMBER(5,2), 
	"PROCEDENCIA" CHAR(2 BYTE)
   ) SEGMENT CREATION IMMEDIATE 
  PCTFREE 10 PCTUSED 40 INITRANS 1 MAXTRANS 255 
 NOCOMPRESS LOGGING
  STORAGE(INITIAL 65536 NEXT 1048576 MINEXTENTS 1 MAXEXTENTS 2147483645
  PCTINCREASE 0 FREELISTS 1 FREELIST GROUPS 1
  BUFFER_POOL DEFAULT FLASH_CACHE DEFAULT CELL_FLASH_CACHE DEFAULT)
  TABLESPACE "BDCCIA" ;
--------------------------------------------------------
--  DDL for Table ASIGNA
--------------------------------------------------------

  CREATE TABLE "ASIGNA" 
   (	"ASI#" VARCHAR2(4 BYTE) PRIMARY KEY, 
	"NOMBREAS" VARCHAR2(30 BYTE), 
	"CURRICULUM" VARCHAR2(20 BYTE), 
	"CREDT" NUMBER(4,1), 
	"CREDPR" NUMBER(4,1), 
	"CARACTER" CHAR(2 BYTE), 
	"TEMP" CHAR(2 BYTE), 
	"CURSO" NUMBER(2,0)
   ) SEGMENT CREATION IMMEDIATE 
  PCTFREE 10 PCTUSED 40 INITRANS 1 MAXTRANS 255 
 NOCOMPRESS LOGGING
  STORAGE(INITIAL 65536 NEXT 1048576 MINEXTENTS 1 MAXEXTENTS 2147483645
  PCTINCREASE 0 FREELISTS 1 FREELIST GROUPS 1
  BUFFER_POOL DEFAULT FLASH_CACHE DEFAULT CELL_FLASH_CACHE DEFAULT)
  TABLESPACE "BDCCIA" ;
--------------------------------------------------------
--  DDL for Table MATRICULA
--------------------------------------------------------

  CREATE TABLE "MATRICULA" 
   (	"CODASI#" VARCHAR2(4 BYTE) REFERENCES Asigna(ASI#), 
	"DNI" VARCHAR2(8 BYTE) REFERENCES Alumnos(DNI), 
	"CURSO_ACADEMICO" VARCHAR2(9 BYTE), 
	"CALIFICACION" VARCHAR2(2 BYTE), 
	"NOTAS" NUMBER(5,2),
	PRIMARY KEY(CODASI#,DNI,CURSO_ACADEMICO)
   ) SEGMENT CREATION IMMEDIATE 
  PCTFREE 10 PCTUSED 40 INITRANS 1 MAXTRANS 255 
 NOCOMPRESS LOGGING
  STORAGE(INITIAL 65536 NEXT 1048576 MINEXTENTS 1 MAXEXTENTS 2147483645
  PCTINCREASE 0 FREELISTS 1 FREELIST GROUPS 1
  BUFFER_POOL DEFAULT FLASH_CACHE DEFAULT CELL_FLASH_CACHE DEFAULT)
  TABLESPACE "BDCCIA" ;
REM INSERTING into ALUMNOS
SET DEFINE OFF;
Insert into ALUMNOS (DNI,APE1,APE2,NOMBRE,EDAD,PROVINCIA,BECA,SEXO,NOTA,PROCEDENCIA) values ('24284256','Perez','Perez','Jose','23','Granada','no','m','7.55','cu');
Insert into ALUMNOS (DNI,APE1,APE2,NOMBRE,EDAD,PROVINCIA,BECA,SEXO,NOTA,PROCEDENCIA) values ('2428456','Sanchez','Perez','Juan','23','Jaen','no','m','10.55','cu');
Insert into ALUMNOS (DNI,APE1,APE2,NOMBRE,EDAD,PROVINCIA,BECA,SEXO,NOTA,PROCEDENCIA) values ('24283256','Perez','Rodriguez','Antonia','25','Granada','si','m','7.55','cu');
Insert into ALUMNOS (DNI,APE1,APE2,NOMBRE,EDAD,PROVINCIA,BECA,SEXO,NOTA,PROCEDENCIA) values ('242256','Perez','Perez','Luis','23','Almeria','no','v','7.85','cu');
Insert into ALUMNOS (DNI,APE1,APE2,NOMBRE,EDAD,PROVINCIA,BECA,SEXO,NOTA,PROCEDENCIA) values ('284256','Lopez','Perez','Jose','23','Granada','no','v','5.55','lo');
Insert into ALUMNOS (DNI,APE1,APE2,NOMBRE,EDAD,PROVINCIA,BECA,SEXO,NOTA,PROCEDENCIA) values ('84256','Perez','Sanchez','Carmen','28','Sevilla','si','m','9.55','es');
Insert into ALUMNOS (DNI,APE1,APE2,NOMBRE,EDAD,PROVINCIA,BECA,SEXO,NOTA,PROCEDENCIA) values ('242856','Alvarez','Perez','Miguel','18','Granada','no','v','6.55','cu');
Insert into ALUMNOS (DNI,APE1,APE2,NOMBRE,EDAD,PROVINCIA,BECA,SEXO,NOTA,PROCEDENCIA) values ('2424256','Perez','Lopez','Alvaro','23','Almeria','si','v','9.55','ot');
Insert into ALUMNOS (DNI,APE1,APE2,NOMBRE,EDAD,PROVINCIA,BECA,SEXO,NOTA,PROCEDENCIA) values ('242842','Sanchez','Jimenez','Antonia','35','Cordoba','no','m','7.55','cu');
Insert into ALUMNOS (DNI,APE1,APE2,NOMBRE,EDAD,PROVINCIA,BECA,SEXO,NOTA,PROCEDENCIA) values ('24256','Lopez','Ruiz','Maria','19','Cadiz','no','m','7.55','cu');
Insert into ALUMNOS (DNI,APE1,APE2,NOMBRE,EDAD,PROVINCIA,BECA,SEXO,NOTA,PROCEDENCIA) values ('8456','Martinez','Perez','Luis','25','Granada','si','v','7.58','lo');
Insert into ALUMNOS (DNI,APE1,APE2,NOMBRE,EDAD,PROVINCIA,BECA,SEXO,NOTA,PROCEDENCIA) values ('324256','Perez','Jimenez','David','25','Granada','no','v','7.55','cu');
Insert into ALUMNOS (DNI,APE1,APE2,NOMBRE,EDAD,PROVINCIA,BECA,SEXO,NOTA,PROCEDENCIA) values ('424256','Perez','Jimenez','Juan','22','Sevilla','no','v','4.55','cu');
Insert into ALUMNOS (DNI,APE1,APE2,NOMBRE,EDAD,PROVINCIA,BECA,SEXO,NOTA,PROCEDENCIA) values ('2422560','Sanchez','Perez','Jose','23','Sevilla','no','v','7.85','cu');
Insert into ALUMNOS (DNI,APE1,APE2,NOMBRE,EDAD,PROVINCIA,BECA,SEXO,NOTA,PROCEDENCIA) values ('2842560','Alvarez','Perez','Jose','23','Cordoba','no','v','5.55','lo');
Insert into ALUMNOS (DNI,APE1,APE2,NOMBRE,EDAD,PROVINCIA,BECA,SEXO,NOTA,PROCEDENCIA) values ('842560','Perez','Sanchez','Adela','25','Sevilla','si','m','9.55','es');
Insert into ALUMNOS (DNI,APE1,APE2,NOMBRE,EDAD,PROVINCIA,BECA,SEXO,NOTA,PROCEDENCIA) values ('2428560','Alvarez','Sanchez','Roque','19','Granada','si','v','6.55','cu');
Insert into ALUMNOS (DNI,APE1,APE2,NOMBRE,EDAD,PROVINCIA,BECA,SEXO,NOTA,PROCEDENCIA) values ('2428420','Sanchez','Jimenez','Josefa','35','Cordoba','no','m','7.55','cu');
Insert into ALUMNOS (DNI,APE1,APE2,NOMBRE,EDAD,PROVINCIA,BECA,SEXO,NOTA,PROCEDENCIA) values ('242560','Lopez','Ruiz','Carmen','25','Huelva','si','m','9.55','lo');
Insert into ALUMNOS (DNI,APE1,APE2,NOMBRE,EDAD,PROVINCIA,BECA,SEXO,NOTA,PROCEDENCIA) values ('84560','Martinez','Perez','Antonio','27','Granada','si','v','5.55','lo');
Insert into ALUMNOS (DNI,APE1,APE2,NOMBRE,EDAD,PROVINCIA,BECA,SEXO,NOTA,PROCEDENCIA) values ('3242560','Jimenez','Jimenez','Jose','22','Granada','no','v','7.55','cu');
Insert into ALUMNOS (DNI,APE1,APE2,NOMBRE,EDAD,PROVINCIA,BECA,SEXO,NOTA,PROCEDENCIA) values ('4242560','Perez','Jimenez','Luis','26','Sevilla','no','v','6.87','cu');
REM INSERTING into ASIGNA
SET DEFINE OFF;
Insert into ASIGNA (ASI#,NOMBREAS,CURRICULUM,CREDT,CREDPR,CARACTER,TEMP,CURSO) values ('bd1','Bases de datos 1','Grado Informatica','3','1.5','tr','cu','2');
Insert into ASIGNA (ASI#,NOMBREAS,CURRICULUM,CREDT,CREDPR,CARACTER,TEMP,CURSO) values ('bda','Bases de datos avanzadas','Master Informatica ','3','1.5','tr','cu','5');
Insert into ASIGNA (ASI#,NOMBREAS,CURRICULUM,CREDT,CREDPR,CARACTER,TEMP,CURSO) values ('sis','Sistemas de informaci?n','Grado Informatica','3','1.5','tr','cu','3');
Insert into ASIGNA (ASI#,NOMBREAS,CURRICULUM,CREDT,CREDPR,CARACTER,TEMP,CURSO) values ('ta','Teoria de Algoritmos','Grado Informatica','4.5','3','tr','cu','2');
Insert into ASIGNA (ASI#,NOMBREAS,CURRICULUM,CREDT,CREDPR,CARACTER,TEMP,CURSO) values ('alg','Algoritmica','Master Informatica ','4.5','3','tr','cu','5');
Insert into ASIGNA (ASI#,NOMBREAS,CURRICULUM,CREDT,CREDPR,CARACTER,TEMP,CURSO) values ('apr','Tecnicas de Aprendizaje','Master Informatica ','4.5','3','tr','cu','4');
Insert into ASIGNA (ASI#,NOMBREAS,CURRICULUM,CREDT,CREDPR,CARACTER,TEMP,CURSO) values ('ing1','Ingles I','Todos','3','3','lc','an','1');
Insert into ASIGNA (ASI#,NOMBREAS,CURRICULUM,CREDT,CREDPR,CARACTER,TEMP,CURSO) values ('ing2','Ingles II','Todos','3','3','lc','an','3');
Insert into ASIGNA (ASI#,NOMBREAS,CURRICULUM,CREDT,CREDPR,CARACTER,TEMP,CURSO) values ('mab1','Modelos avanzados I','Master Informatica ','3','3','op','cu','4');
Insert into ASIGNA (ASI#,NOMBREAS,CURRICULUM,CREDT,CREDPR,CARACTER,TEMP,CURSO) values ('tec1','Tecnicas de Gestion I','Grado Informatica','7.5','4.5','op','an','1');
Insert into ASIGNA (ASI#,NOMBREAS,CURRICULUM,CREDT,CREDPR,CARACTER,TEMP,CURSO) values ('tec2','Tecnicas de Gestion II','Grado Informatica','7.5','4.5','op','an','3');
Insert into ASIGNA (ASI#,NOMBREAS,CURRICULUM,CREDT,CREDPR,CARACTER,TEMP,CURSO) values ('mab2','Modelos Avanzados II','Master Informatica ','3','3','op','cu','5');
REM INSERTING into MATRICULA
SET DEFINE OFF;
Insert into MATRICULA (CODASI#,DNI,CURSO_ACADEMICO,CALIFICACION,NOTAS) values ('sis','842560','2013-2014','su','4');
Insert into MATRICULA (CODASI#,DNI,CURSO_ACADEMICO,CALIFICACION,NOTAS) values ('sis','2428420','2013-2014','su','4');
Insert into MATRICULA (CODASI#,DNI,CURSO_ACADEMICO,CALIFICACION,NOTAS) values ('apr','242560','2013-2014','su','4.5');
Insert into MATRICULA (CODASI#,DNI,CURSO_ACADEMICO,CALIFICACION,NOTAS) values ('apr','3242560','2013-2014','su','4.5');
Insert into MATRICULA (CODASI#,DNI,CURSO_ACADEMICO,CALIFICACION,NOTAS) values ('bda','242560','2013-2014','ap','5');
Insert into MATRICULA (CODASI#,DNI,CURSO_ACADEMICO,CALIFICACION,NOTAS) values ('bda','3242560','2013-2014','ap','5');
Insert into MATRICULA (CODASI#,DNI,CURSO_ACADEMICO,CALIFICACION,NOTAS) values ('sis','2842560','2013-2014','ap','5');
Insert into MATRICULA (CODASI#,DNI,CURSO_ACADEMICO,CALIFICACION,NOTAS) values ('bda','4242560','2013-2014','ap','5.5');
Insert into MATRICULA (CODASI#,DNI,CURSO_ACADEMICO,CALIFICACION,NOTAS) values ('sis','2422560','2013-2014','ap','5.5');
Insert into MATRICULA (CODASI#,DNI,CURSO_ACADEMICO,CALIFICACION,NOTAS) values ('sis','2428560','2013-2014','ap','5.5');
Insert into MATRICULA (CODASI#,DNI,CURSO_ACADEMICO,CALIFICACION,NOTAS) values ('sis','242560','2013-2014','ap','5.5');
Insert into MATRICULA (CODASI#,DNI,CURSO_ACADEMICO,CALIFICACION,NOTAS) values ('sis','84560','2013-2014','ap','5.5');
Insert into MATRICULA (CODASI#,DNI,CURSO_ACADEMICO,CALIFICACION,NOTAS) values ('alg','242560','2013-2014','ap','5.5');
Insert into MATRICULA (CODASI#,DNI,CURSO_ACADEMICO,CALIFICACION,NOTAS) values ('alg','3242560','2013-2014','ap','5.5');
Insert into MATRICULA (CODASI#,DNI,CURSO_ACADEMICO,CALIFICACION,NOTAS) values ('apr','2428420','2013-2014','ap','5.5');
Insert into MATRICULA (CODASI#,DNI,CURSO_ACADEMICO,CALIFICACION,NOTAS) values ('mab2','84560','2014-2015','ap','5.5');
Insert into MATRICULA (CODASI#,DNI,CURSO_ACADEMICO,CALIFICACION,NOTAS) values ('mab2','4242560','2014-2015','ap','5.5');
Insert into MATRICULA (CODASI#,DNI,CURSO_ACADEMICO,CALIFICACION,NOTAS) values ('bda','2428420','2014-2015','ap','6');
Insert into MATRICULA (CODASI#,DNI,CURSO_ACADEMICO,CALIFICACION,NOTAS) values ('apr','2842560','2014-2015','ap','6');
Insert into MATRICULA (CODASI#,DNI,CURSO_ACADEMICO,CALIFICACION,NOTAS) values ('apr','842560','2014-2015','ap','6');
Insert into MATRICULA (CODASI#,DNI,CURSO_ACADEMICO,CALIFICACION,NOTAS) values ('apr','2428560','2014-2015','ap','6');
Insert into MATRICULA (CODASI#,DNI,CURSO_ACADEMICO,CALIFICACION,NOTAS) values ('apr','84560','2014-2015','ap','6');
Insert into MATRICULA (CODASI#,DNI,CURSO_ACADEMICO,CALIFICACION,NOTAS) values ('apr','4242560','2014-2015','ap','6');
Insert into MATRICULA (CODASI#,DNI,CURSO_ACADEMICO,CALIFICACION,NOTAS) values ('mab1','2422560','2014-2015','ap','6');
Insert into MATRICULA (CODASI#,DNI,CURSO_ACADEMICO,CALIFICACION,NOTAS) values ('bda','2422560','2014-2015','ap','6.5');
Insert into MATRICULA (CODASI#,DNI,CURSO_ACADEMICO,CALIFICACION,NOTAS) values ('bda','2842560','2014-2015','ap','6.5');
Insert into MATRICULA (CODASI#,DNI,CURSO_ACADEMICO,CALIFICACION,NOTAS) values ('bda','842560','2014-2015','ap','6.5');
Insert into MATRICULA (CODASI#,DNI,CURSO_ACADEMICO,CALIFICACION,NOTAS) values ('bda','2428560','2016-2017','ap','6.5');
Insert into MATRICULA (CODASI#,DNI,CURSO_ACADEMICO,CALIFICACION,NOTAS) values ('bda','84560','2016-2017','ap','6.5');
Insert into MATRICULA (CODASI#,DNI,CURSO_ACADEMICO,CALIFICACION,NOTAS) values ('alg','2428420','2016-2017','ap','6.5');
Insert into MATRICULA (CODASI#,DNI,CURSO_ACADEMICO,CALIFICACION,NOTAS) values ('mab1','242560','2016-2017','ap','6.5');
Insert into MATRICULA (CODASI#,DNI,CURSO_ACADEMICO,CALIFICACION,NOTAS) values ('mab1','3242560','2016-2017','ap','6.5');
Insert into MATRICULA (CODASI#,DNI,CURSO_ACADEMICO,CALIFICACION,NOTAS) values ('mab2','242560','2016-2017','ap','6.5');
Insert into MATRICULA (CODASI#,DNI,CURSO_ACADEMICO,CALIFICACION,NOTAS) values ('sis','3242560','2016-2017','no','7');
Insert into MATRICULA (CODASI#,DNI,CURSO_ACADEMICO,CALIFICACION,NOTAS) values ('sis','4242560','2016-2017','no','7');
Insert into MATRICULA (CODASI#,DNI,CURSO_ACADEMICO,CALIFICACION,NOTAS) values ('alg','2422560','2016-2017','no','7');
Insert into MATRICULA (CODASI#,DNI,CURSO_ACADEMICO,CALIFICACION,NOTAS) values ('alg','2842560','2016-2017','no','7');
Insert into MATRICULA (CODASI#,DNI,CURSO_ACADEMICO,CALIFICACION,NOTAS) values ('alg','842560','2016-2017','no','7');
Insert into MATRICULA (CODASI#,DNI,CURSO_ACADEMICO,CALIFICACION,NOTAS) values ('alg','2428560','2016-2017','no','7');
Insert into MATRICULA (CODASI#,DNI,CURSO_ACADEMICO,CALIFICACION,NOTAS) values ('alg','84560','2016-2017','no','7');
Insert into MATRICULA (CODASI#,DNI,CURSO_ACADEMICO,CALIFICACION,NOTAS) values ('alg','4242560','2016-2017','no','7');
Insert into MATRICULA (CODASI#,DNI,CURSO_ACADEMICO,CALIFICACION,NOTAS) values ('apr','2422560','2016-2017','no','7');
Insert into MATRICULA (CODASI#,DNI,CURSO_ACADEMICO,CALIFICACION,NOTAS) values ('mab1','2428560','2016-2017','no','8');
Insert into MATRICULA (CODASI#,DNI,CURSO_ACADEMICO,CALIFICACION,NOTAS) values ('mab1','84560','2016-2017','no','8');
Insert into MATRICULA (CODASI#,DNI,CURSO_ACADEMICO,CALIFICACION,NOTAS) values ('mab1','4242560','2016-2017','no','8');
Insert into MATRICULA (CODASI#,DNI,CURSO_ACADEMICO,CALIFICACION,NOTAS) values ('mab2','2422560','2016-2017','no','8');
Insert into MATRICULA (CODASI#,DNI,CURSO_ACADEMICO,CALIFICACION,NOTAS) values ('tec2','324256','2015-2016','no','6.5');
Insert into MATRICULA (CODASI#,DNI,CURSO_ACADEMICO,CALIFICACION,NOTAS) values ('tec2','424256','2015-2016','no','8');
Insert into MATRICULA (CODASI#,DNI,CURSO_ACADEMICO,CALIFICACION,NOTAS) values ('tec2','2422560','2015-2016','sb','9');
Insert into MATRICULA (CODASI#,DNI,CURSO_ACADEMICO,CALIFICACION,NOTAS) values ('tec2','2842560','2015-2016','no','8');
Insert into MATRICULA (CODASI#,DNI,CURSO_ACADEMICO,CALIFICACION,NOTAS) values ('tec2','842560','2015-2016','no','8');
Insert into MATRICULA (CODASI#,DNI,CURSO_ACADEMICO,CALIFICACION,NOTAS) values ('tec2','2428560','2015-2016','no','8');
Insert into MATRICULA (CODASI#,DNI,CURSO_ACADEMICO,CALIFICACION,NOTAS) values ('tec2','242560','2015-2016','no','8');
Insert into MATRICULA (CODASI#,DNI,CURSO_ACADEMICO,CALIFICACION,NOTAS) values ('tec2','84560','2015-2016','no','8');
Insert into MATRICULA (CODASI#,DNI,CURSO_ACADEMICO,CALIFICACION,NOTAS) values ('tec2','3242560','2015-2016','no','8');
Insert into MATRICULA (CODASI#,DNI,CURSO_ACADEMICO,CALIFICACION,NOTAS) values ('tec2','4242560','2015-2016','no','8');
Insert into MATRICULA (CODASI#,DNI,CURSO_ACADEMICO,CALIFICACION,NOTAS) values ('tec1','24284256','2014-2015','np',null);
Insert into MATRICULA (CODASI#,DNI,CURSO_ACADEMICO,CALIFICACION,NOTAS) values ('tec1','2428456','2014-2015','su','2.5');
Insert into MATRICULA (CODASI#,DNI,CURSO_ACADEMICO,CALIFICACION,NOTAS) values ('tec1','24283256','2014-2015','np',null);
Insert into MATRICULA (CODASI#,DNI,CURSO_ACADEMICO,CALIFICACION,NOTAS) values ('tec1','242256','2014-2015','np',null);
Insert into MATRICULA (CODASI#,DNI,CURSO_ACADEMICO,CALIFICACION,NOTAS) values ('tec1','284256','2014-2015','np',null);
Insert into MATRICULA (CODASI#,DNI,CURSO_ACADEMICO,CALIFICACION,NOTAS) values ('tec1','84256','2014-2015','np',null);
Insert into MATRICULA (CODASI#,DNI,CURSO_ACADEMICO,CALIFICACION,NOTAS) values ('tec1','2424256','2014-2015','su','3.5');
Insert into MATRICULA (CODASI#,DNI,CURSO_ACADEMICO,CALIFICACION,NOTAS) values ('tec1','242842','2014-2015','np',null);
Insert into MATRICULA (CODASI#,DNI,CURSO_ACADEMICO,CALIFICACION,NOTAS) values ('tec1','8456','2014-2015','np',null);
Insert into MATRICULA (CODASI#,DNI,CURSO_ACADEMICO,CALIFICACION,NOTAS) values ('tec1','324256','2014-2015','np',null);
Insert into MATRICULA (CODASI#,DNI,CURSO_ACADEMICO,CALIFICACION,NOTAS) values ('tec1','424256','2014-2015','np',null);
Insert into MATRICULA (CODASI#,DNI,CURSO_ACADEMICO,CALIFICACION,NOTAS) values ('tec1','2422560','2014-2015','no','8');
Insert into MATRICULA (CODASI#,DNI,CURSO_ACADEMICO,CALIFICACION,NOTAS) values ('tec1','2842560','2014-2015','np',null);
Insert into MATRICULA (CODASI#,DNI,CURSO_ACADEMICO,CALIFICACION,NOTAS) values ('tec1','842560','2014-2015','np',null);
Insert into MATRICULA (CODASI#,DNI,CURSO_ACADEMICO,CALIFICACION,NOTAS) values ('tec1','2428420','2014-2015','np',null);
Insert into MATRICULA (CODASI#,DNI,CURSO_ACADEMICO,CALIFICACION,NOTAS) values ('tec1','242560','2014-2015','np',null);
Insert into MATRICULA (CODASI#,DNI,CURSO_ACADEMICO,CALIFICACION,NOTAS) values ('tec1','84560','2014-2015','np',null);
Insert into MATRICULA (CODASI#,DNI,CURSO_ACADEMICO,CALIFICACION,NOTAS) values ('tec1','3242560','2014-2015','np',null);
Insert into MATRICULA (CODASI#,DNI,CURSO_ACADEMICO,CALIFICACION,NOTAS) values ('tec1','4242560','2014-2015','np',null);
Insert into MATRICULA (CODASI#,DNI,CURSO_ACADEMICO,CALIFICACION,NOTAS) values ('tec2','24284256','2014-2015','np',null);
Insert into MATRICULA (CODASI#,DNI,CURSO_ACADEMICO,CALIFICACION,NOTAS) values ('tec2','2428456','2014-2015','su','3.4');
Insert into MATRICULA (CODASI#,DNI,CURSO_ACADEMICO,CALIFICACION,NOTAS) values ('tec2','24283256','2014-2015','np',null);
Insert into MATRICULA (CODASI#,DNI,CURSO_ACADEMICO,CALIFICACION,NOTAS) values ('tec2','242256','2014-2015','su','4.5');
Insert into MATRICULA (CODASI#,DNI,CURSO_ACADEMICO,CALIFICACION,NOTAS) values ('tec2','284256','2014-2015','np',null);
Insert into MATRICULA (CODASI#,DNI,CURSO_ACADEMICO,CALIFICACION,NOTAS) values ('tec2','84256','2014-2015','np',null);
Insert into MATRICULA (CODASI#,DNI,CURSO_ACADEMICO,CALIFICACION,NOTAS) values ('tec2','2424256','2014-2015','su','4.5');
Insert into MATRICULA (CODASI#,DNI,CURSO_ACADEMICO,CALIFICACION,NOTAS) values ('tec2','242842','2014-2015','np',null);
Insert into MATRICULA (CODASI#,DNI,CURSO_ACADEMICO,CALIFICACION,NOTAS) values ('tec2','8456','2014-2015','np',null);
Insert into MATRICULA (CODASI#,DNI,CURSO_ACADEMICO,CALIFICACION,NOTAS) values ('tec2','324256','2014-2015','np',null);
Insert into MATRICULA (CODASI#,DNI,CURSO_ACADEMICO,CALIFICACION,NOTAS) values ('tec2','424256','2014-2015','np',null);
Insert into MATRICULA (CODASI#,DNI,CURSO_ACADEMICO,CALIFICACION,NOTAS) values ('tec2','2422560','2014-2015','no','8');
Insert into MATRICULA (CODASI#,DNI,CURSO_ACADEMICO,CALIFICACION,NOTAS) values ('tec2','2842560','2014-2015','np',null);
Insert into MATRICULA (CODASI#,DNI,CURSO_ACADEMICO,CALIFICACION,NOTAS) values ('tec2','842560','2014-2015','np',null);
Insert into MATRICULA (CODASI#,DNI,CURSO_ACADEMICO,CALIFICACION,NOTAS) values ('tec2','2428420','2014-2015','np',null);
Insert into MATRICULA (CODASI#,DNI,CURSO_ACADEMICO,CALIFICACION,NOTAS) values ('tec2','242560','2014-2015','np',null);
Insert into MATRICULA (CODASI#,DNI,CURSO_ACADEMICO,CALIFICACION,NOTAS) values ('tec2','84560','2014-2015','np',null);
Insert into MATRICULA (CODASI#,DNI,CURSO_ACADEMICO,CALIFICACION,NOTAS) values ('tec2','3242560','2014-2015','np',null);
Insert into MATRICULA (CODASI#,DNI,CURSO_ACADEMICO,CALIFICACION,NOTAS) values ('tec2','4242560','2014-2015','np',null);
Insert into MATRICULA (CODASI#,DNI,CURSO_ACADEMICO,CALIFICACION,NOTAS) values ('mab1','24283256','2013-2014','ap','6.5');
Insert into MATRICULA (CODASI#,DNI,CURSO_ACADEMICO,CALIFICACION,NOTAS) values ('mab1','324256','2013-2014','ap','6.5');
Insert into MATRICULA (CODASI#,DNI,CURSO_ACADEMICO,CALIFICACION,NOTAS) values ('mab1','3242560','2013-2014','ap','6.5');
Insert into MATRICULA (CODASI#,DNI,CURSO_ACADEMICO,CALIFICACION,NOTAS) values ('mab2','24283256','2013-2014','ap','6.5');
Insert into MATRICULA (CODASI#,DNI,CURSO_ACADEMICO,CALIFICACION,NOTAS) values ('mab2','324256','2013-2014','ap','6.5');
Insert into MATRICULA (CODASI#,DNI,CURSO_ACADEMICO,CALIFICACION,NOTAS) values ('mab2','3242560','2013-2014','ap','6.5');
Insert into MATRICULA (CODASI#,DNI,CURSO_ACADEMICO,CALIFICACION,NOTAS) values ('tec1','24283256','2013-2014','ap','6.5');
Insert into MATRICULA (CODASI#,DNI,CURSO_ACADEMICO,CALIFICACION,NOTAS) values ('tec1','324256','2013-2014','ap','6.5');
Insert into MATRICULA (CODASI#,DNI,CURSO_ACADEMICO,CALIFICACION,NOTAS) values ('tec1','3242560','2013-2014','ap','6.5');
Insert into MATRICULA (CODASI#,DNI,CURSO_ACADEMICO,CALIFICACION,NOTAS) values ('tec2','24283256','2013-2014','ap','6.5');
Insert into MATRICULA (CODASI#,DNI,CURSO_ACADEMICO,CALIFICACION,NOTAS) values ('tec2','324256','2013-2014','ap','6.5');
Insert into MATRICULA (CODASI#,DNI,CURSO_ACADEMICO,CALIFICACION,NOTAS) values ('tec2','3242560','2013-2014','ap','6.5');
Insert into MATRICULA (CODASI#,DNI,CURSO_ACADEMICO,CALIFICACION,NOTAS) values ('mab1','24284256','2015-2016','no','8');
Insert into MATRICULA (CODASI#,DNI,CURSO_ACADEMICO,CALIFICACION,NOTAS) values ('mab1','2428456','2015-2016','nt','7');
Insert into MATRICULA (CODASI#,DNI,CURSO_ACADEMICO,CALIFICACION,NOTAS) values ('mab1','24283256','2015-2016','no','8');
Insert into MATRICULA (CODASI#,DNI,CURSO_ACADEMICO,CALIFICACION,NOTAS) values ('mab1','242256','2015-2016','nt','7.5');
Insert into MATRICULA (CODASI#,DNI,CURSO_ACADEMICO,CALIFICACION,NOTAS) values ('mab1','284256','2015-2016','no','8');
Insert into MATRICULA (CODASI#,DNI,CURSO_ACADEMICO,CALIFICACION,NOTAS) values ('mab1','84256','2015-2016','no','8');
Insert into MATRICULA (CODASI#,DNI,CURSO_ACADEMICO,CALIFICACION,NOTAS) values ('mab1','242856','2015-2016','no','8');
Insert into MATRICULA (CODASI#,DNI,CURSO_ACADEMICO,CALIFICACION,NOTAS) values ('mab1','2424256','2015-2016','ap','6');
Insert into MATRICULA (CODASI#,DNI,CURSO_ACADEMICO,CALIFICACION,NOTAS) values ('mab1','24256','2015-2016','no','8');
Insert into MATRICULA (CODASI#,DNI,CURSO_ACADEMICO,CALIFICACION,NOTAS) values ('mab1','8456','2015-2016','no','8');
Insert into MATRICULA (CODASI#,DNI,CURSO_ACADEMICO,CALIFICACION,NOTAS) values ('mab1','324256','2015-2016','no','8');
Insert into MATRICULA (CODASI#,DNI,CURSO_ACADEMICO,CALIFICACION,NOTAS) values ('mab1','424256','2015-2016','no','8');
Insert into MATRICULA (CODASI#,DNI,CURSO_ACADEMICO,CALIFICACION,NOTAS) values ('mab1','2422560','2015-2016','nt','8.5');
Insert into MATRICULA (CODASI#,DNI,CURSO_ACADEMICO,CALIFICACION,NOTAS) values ('mab1','2842560','2015-2016','no','8');
Insert into MATRICULA (CODASI#,DNI,CURSO_ACADEMICO,CALIFICACION,NOTAS) values ('mab1','842560','2015-2016','no','8');
Insert into MATRICULA (CODASI#,DNI,CURSO_ACADEMICO,CALIFICACION,NOTAS) values ('mab1','2428560','2015-2016','no','8');
Insert into MATRICULA (CODASI#,DNI,CURSO_ACADEMICO,CALIFICACION,NOTAS) values ('mab1','242560','2015-2016','no','8');
Insert into MATRICULA (CODASI#,DNI,CURSO_ACADEMICO,CALIFICACION,NOTAS) values ('mab1','84560','2015-2016','no','8');
Insert into MATRICULA (CODASI#,DNI,CURSO_ACADEMICO,CALIFICACION,NOTAS) values ('mab1','3242560','2015-2016','no','8');
Insert into MATRICULA (CODASI#,DNI,CURSO_ACADEMICO,CALIFICACION,NOTAS) values ('mab1','4242560','2015-2016','no','8');
Insert into MATRICULA (CODASI#,DNI,CURSO_ACADEMICO,CALIFICACION,NOTAS) values ('mab2','24284256','2015-2016','no','8');
Insert into MATRICULA (CODASI#,DNI,CURSO_ACADEMICO,CALIFICACION,NOTAS) values ('mab2','2428456','2015-2016','no','8');
Insert into MATRICULA (CODASI#,DNI,CURSO_ACADEMICO,CALIFICACION,NOTAS) values ('mab2','24283256','2015-2016','no','8');
Insert into MATRICULA (CODASI#,DNI,CURSO_ACADEMICO,CALIFICACION,NOTAS) values ('mab2','242256','2015-2016','no','8');
Insert into MATRICULA (CODASI#,DNI,CURSO_ACADEMICO,CALIFICACION,NOTAS) values ('mab2','284256','2015-2016','no','8');
Insert into MATRICULA (CODASI#,DNI,CURSO_ACADEMICO,CALIFICACION,NOTAS) values ('mab2','84256','2015-2016','no','8');
Insert into MATRICULA (CODASI#,DNI,CURSO_ACADEMICO,CALIFICACION,NOTAS) values ('mab2','242856','2015-2016','no','8');
Insert into MATRICULA (CODASI#,DNI,CURSO_ACADEMICO,CALIFICACION,NOTAS) values ('mab2','2424256','2015-2016','su','4.5');
Insert into MATRICULA (CODASI#,DNI,CURSO_ACADEMICO,CALIFICACION,NOTAS) values ('mab2','24256','2015-2016','no','8');
Insert into MATRICULA (CODASI#,DNI,CURSO_ACADEMICO,CALIFICACION,NOTAS) values ('mab2','8456','2015-2016','no','8');
Insert into MATRICULA (CODASI#,DNI,CURSO_ACADEMICO,CALIFICACION,NOTAS) values ('mab2','324256','2015-2016','no','8');
Insert into MATRICULA (CODASI#,DNI,CURSO_ACADEMICO,CALIFICACION,NOTAS) values ('mab2','424256','2015-2016','no','8');
Insert into MATRICULA (CODASI#,DNI,CURSO_ACADEMICO,CALIFICACION,NOTAS) values ('mab2','2422560','2015-2016','ap','5');
Insert into MATRICULA (CODASI#,DNI,CURSO_ACADEMICO,CALIFICACION,NOTAS) values ('mab2','2842560','2015-2016','no','8');
Insert into MATRICULA (CODASI#,DNI,CURSO_ACADEMICO,CALIFICACION,NOTAS) values ('mab2','842560','2015-2016','no','8');
Insert into MATRICULA (CODASI#,DNI,CURSO_ACADEMICO,CALIFICACION,NOTAS) values ('mab2','2428560','2015-2016','no','8');
Insert into MATRICULA (CODASI#,DNI,CURSO_ACADEMICO,CALIFICACION,NOTAS) values ('mab2','242560','2015-2016','no','8');
Insert into MATRICULA (CODASI#,DNI,CURSO_ACADEMICO,CALIFICACION,NOTAS) values ('mab2','84560','2015-2016','no','8');
Insert into MATRICULA (CODASI#,DNI,CURSO_ACADEMICO,CALIFICACION,NOTAS) values ('mab2','3242560','2015-2016','no','8');
Insert into MATRICULA (CODASI#,DNI,CURSO_ACADEMICO,CALIFICACION,NOTAS) values ('mab2','4242560','2015-2016','no','8');
Insert into MATRICULA (CODASI#,DNI,CURSO_ACADEMICO,CALIFICACION,NOTAS) values ('tec1','24284256','2015-2016','no','8');
Insert into MATRICULA (CODASI#,DNI,CURSO_ACADEMICO,CALIFICACION,NOTAS) values ('tec1','2428456','2015-2016','ap','6.5');
Insert into MATRICULA (CODASI#,DNI,CURSO_ACADEMICO,CALIFICACION,NOTAS) values ('tec1','24283256','2015-2016','no','8');
Insert into MATRICULA (CODASI#,DNI,CURSO_ACADEMICO,CALIFICACION,NOTAS) values ('tec1','242256','2015-2016','ap','5');
Insert into MATRICULA (CODASI#,DNI,CURSO_ACADEMICO,CALIFICACION,NOTAS) values ('tec1','284256','2015-2016','no','8');
Insert into MATRICULA (CODASI#,DNI,CURSO_ACADEMICO,CALIFICACION,NOTAS) values ('tec1','84256','2015-2016','no','8');
Insert into MATRICULA (CODASI#,DNI,CURSO_ACADEMICO,CALIFICACION,NOTAS) values ('tec1','242856','2015-2016','no','8');
Insert into MATRICULA (CODASI#,DNI,CURSO_ACADEMICO,CALIFICACION,NOTAS) values ('tec1','2424256','2015-2016','no','8');
Insert into MATRICULA (CODASI#,DNI,CURSO_ACADEMICO,CALIFICACION,NOTAS) values ('tec1','24256','2015-2016','no','8');
Insert into MATRICULA (CODASI#,DNI,CURSO_ACADEMICO,CALIFICACION,NOTAS) values ('tec1','8456','2015-2016','no','8');
Insert into MATRICULA (CODASI#,DNI,CURSO_ACADEMICO,CALIFICACION,NOTAS) values ('tec1','324256','2015-2016','no','8');
Insert into MATRICULA (CODASI#,DNI,CURSO_ACADEMICO,CALIFICACION,NOTAS) values ('tec1','424256','2015-2016','no','8');
Insert into MATRICULA (CODASI#,DNI,CURSO_ACADEMICO,CALIFICACION,NOTAS) values ('tec1','2422560','2015-2016','sb','9');
Insert into MATRICULA (CODASI#,DNI,CURSO_ACADEMICO,CALIFICACION,NOTAS) values ('tec1','2842560','2015-2016','no','8');
Insert into MATRICULA (CODASI#,DNI,CURSO_ACADEMICO,CALIFICACION,NOTAS) values ('tec1','842560','2015-2016','no','8');
Insert into MATRICULA (CODASI#,DNI,CURSO_ACADEMICO,CALIFICACION,NOTAS) values ('tec1','2428560','2015-2016','no','8');
Insert into MATRICULA (CODASI#,DNI,CURSO_ACADEMICO,CALIFICACION,NOTAS) values ('tec1','242560','2015-2016','no','8');
Insert into MATRICULA (CODASI#,DNI,CURSO_ACADEMICO,CALIFICACION,NOTAS) values ('tec1','84560','2015-2016','no','8');
Insert into MATRICULA (CODASI#,DNI,CURSO_ACADEMICO,CALIFICACION,NOTAS) values ('tec1','3242560','2015-2016','no','8');
Insert into MATRICULA (CODASI#,DNI,CURSO_ACADEMICO,CALIFICACION,NOTAS) values ('tec1','4242560','2015-2016','no','8');
Insert into MATRICULA (CODASI#,DNI,CURSO_ACADEMICO,CALIFICACION,NOTAS) values ('tec2','24284256','2015-2016','no','8');
Insert into MATRICULA (CODASI#,DNI,CURSO_ACADEMICO,CALIFICACION,NOTAS) values ('tec2','2428456','2015-2016','no','6.5');
Insert into MATRICULA (CODASI#,DNI,CURSO_ACADEMICO,CALIFICACION,NOTAS) values ('tec2','24283256','2015-2016','no','8');
Insert into MATRICULA (CODASI#,DNI,CURSO_ACADEMICO,CALIFICACION,NOTAS) values ('tec2','242256','2015-2016','ap','6.5');
Insert into MATRICULA (CODASI#,DNI,CURSO_ACADEMICO,CALIFICACION,NOTAS) values ('tec2','284256','2015-2016','no','8');
Insert into MATRICULA (CODASI#,DNI,CURSO_ACADEMICO,CALIFICACION,NOTAS) values ('tec2','84256','2015-2016','no','8');
Insert into MATRICULA (CODASI#,DNI,CURSO_ACADEMICO,CALIFICACION,NOTAS) values ('tec2','242856','2015-2016','no','8');
Insert into MATRICULA (CODASI#,DNI,CURSO_ACADEMICO,CALIFICACION,NOTAS) values ('tec2','2424256','2015-2016','no','8');
Insert into MATRICULA (CODASI#,DNI,CURSO_ACADEMICO,CALIFICACION,NOTAS) values ('tec2','24256','2015-2016','no','8');
Insert into MATRICULA (CODASI#,DNI,CURSO_ACADEMICO,CALIFICACION,NOTAS) values ('tec2','8456','2015-2016','no','8');
Insert into MATRICULA (CODASI#,DNI,CURSO_ACADEMICO,CALIFICACION,NOTAS) values ('ta','242842','2016-2017','no','8');
Insert into MATRICULA (CODASI#,DNI,CURSO_ACADEMICO,CALIFICACION,NOTAS) values ('ta','2428420','2016-2017','no','8');
Insert into MATRICULA (CODASI#,DNI,CURSO_ACADEMICO,CALIFICACION,NOTAS) values ('ta','24284256','2016-2017','no','7.5');
Insert into MATRICULA (CODASI#,DNI,CURSO_ACADEMICO,CALIFICACION,NOTAS) values ('ta','2428456','2016-2017','ap','6.5');
Insert into MATRICULA (CODASI#,DNI,CURSO_ACADEMICO,CALIFICACION,NOTAS) values ('ta','242856','2016-2017','no','8');
Insert into MATRICULA (CODASI#,DNI,CURSO_ACADEMICO,CALIFICACION,NOTAS) values ('ta','2428560','2016-2017','ap','6.5');
Insert into MATRICULA (CODASI#,DNI,CURSO_ACADEMICO,CALIFICACION,NOTAS) values ('ta','324256','2016-2017','no','8');
Insert into MATRICULA (CODASI#,DNI,CURSO_ACADEMICO,CALIFICACION,NOTAS) values ('ta','3242560','2016-2017','no','8');
Insert into MATRICULA (CODASI#,DNI,CURSO_ACADEMICO,CALIFICACION,NOTAS) values ('ta','424256','2016-2017','no','7');
Insert into MATRICULA (CODASI#,DNI,CURSO_ACADEMICO,CALIFICACION,NOTAS) values ('ta','4242560','2016-2017','no','7');
Insert into MATRICULA (CODASI#,DNI,CURSO_ACADEMICO,CALIFICACION,NOTAS) values ('tec2','242256','2016-2017','no','7');
Insert into MATRICULA (CODASI#,DNI,CURSO_ACADEMICO,CALIFICACION,NOTAS) values ('tec2','2422560','2016-2017','no','7');
Insert into MATRICULA (CODASI#,DNI,CURSO_ACADEMICO,CALIFICACION,NOTAS) values ('tec2','2424256','2016-2017','ap','6.5');
Insert into MATRICULA (CODASI#,DNI,CURSO_ACADEMICO,CALIFICACION,NOTAS) values ('tec2','24256','2016-2017','ap','5.5');
Insert into MATRICULA (CODASI#,DNI,CURSO_ACADEMICO,CALIFICACION,NOTAS) values ('tec2','242560','2016-2017','no','7');
Insert into MATRICULA (CODASI#,DNI,CURSO_ACADEMICO,CALIFICACION,NOTAS) values ('tec2','24283256','2016-2017','ap','5.5');
Insert into MATRICULA (CODASI#,DNI,CURSO_ACADEMICO,CALIFICACION,NOTAS) values ('tec2','242842','2016-2017','no','7');
Insert into MATRICULA (CODASI#,DNI,CURSO_ACADEMICO,CALIFICACION,NOTAS) values ('tec2','2428420','2016-2017','no','7');
Insert into MATRICULA (CODASI#,DNI,CURSO_ACADEMICO,CALIFICACION,NOTAS) values ('tec2','24284256','2016-2017','no','8.5');
Insert into MATRICULA (CODASI#,DNI,CURSO_ACADEMICO,CALIFICACION,NOTAS) values ('tec2','2428456','2016-2017','no','8.5');
Insert into MATRICULA (CODASI#,DNI,CURSO_ACADEMICO,CALIFICACION,NOTAS) values ('tec2','242856','2016-2017','no','8.5');
Insert into MATRICULA (CODASI#,DNI,CURSO_ACADEMICO,CALIFICACION,NOTAS) values ('tec2','2428560','2016-2017','no','8.5');
Insert into MATRICULA (CODASI#,DNI,CURSO_ACADEMICO,CALIFICACION,NOTAS) values ('tec2','324256','2016-2017','no','8');
Insert into MATRICULA (CODASI#,DNI,CURSO_ACADEMICO,CALIFICACION,NOTAS) values ('tec2','3242560','2016-2017','no','7');
Insert into MATRICULA (CODASI#,DNI,CURSO_ACADEMICO,CALIFICACION,NOTAS) values ('tec2','424256','2016-2017','no','8.5');
Insert into MATRICULA (CODASI#,DNI,CURSO_ACADEMICO,CALIFICACION,NOTAS) values ('tec2','4242560','2016-2017','no','7');
Insert into MATRICULA (CODASI#,DNI,CURSO_ACADEMICO,CALIFICACION,NOTAS) values ('bd1','242256','2014-2015','ap','6.5');
Insert into MATRICULA (CODASI#,DNI,CURSO_ACADEMICO,CALIFICACION,NOTAS) values ('bd1','2422560','2014-2015','ap','6.5');
Insert into MATRICULA (CODASI#,DNI,CURSO_ACADEMICO,CALIFICACION,NOTAS) values ('bd1','2424256','2014-2015','ap','6.5');
Insert into MATRICULA (CODASI#,DNI,CURSO_ACADEMICO,CALIFICACION,NOTAS) values ('bd1','24256','2014-2015','ap','6.5');
Insert into MATRICULA (CODASI#,DNI,CURSO_ACADEMICO,CALIFICACION,NOTAS) values ('bd1','242560','2014-2015','ap','6');
Insert into MATRICULA (CODASI#,DNI,CURSO_ACADEMICO,CALIFICACION,NOTAS) values ('bd1','24283256','2014-2015','ap','5');
Insert into MATRICULA (CODASI#,DNI,CURSO_ACADEMICO,CALIFICACION,NOTAS) values ('bd1','242842','2014-2015','ap','6.5');
Insert into MATRICULA (CODASI#,DNI,CURSO_ACADEMICO,CALIFICACION,NOTAS) values ('bd1','2428420','2014-2015','ap','5');
Insert into MATRICULA (CODASI#,DNI,CURSO_ACADEMICO,CALIFICACION,NOTAS) values ('bd1','24284256','2014-2015','ap','5.5');
Insert into MATRICULA (CODASI#,DNI,CURSO_ACADEMICO,CALIFICACION,NOTAS) values ('bd1','2428456','2014-2015','ap','5.5');
Insert into MATRICULA (CODASI#,DNI,CURSO_ACADEMICO,CALIFICACION,NOTAS) values ('bd1','242856','2015-2016','ap','5');
Insert into MATRICULA (CODASI#,DNI,CURSO_ACADEMICO,CALIFICACION,NOTAS) values ('bd1','2428560','2014-2015','su','4');
Insert into MATRICULA (CODASI#,DNI,CURSO_ACADEMICO,CALIFICACION,NOTAS) values ('bd1','324256','2014-2015','ap','5.5');
Insert into MATRICULA (CODASI#,DNI,CURSO_ACADEMICO,CALIFICACION,NOTAS) values ('bd1','3242560','2014-2015','su','4');
Insert into MATRICULA (CODASI#,DNI,CURSO_ACADEMICO,CALIFICACION,NOTAS) values ('bd1','424256','2014-2015','ap','5.5');
Insert into MATRICULA (CODASI#,DNI,CURSO_ACADEMICO,CALIFICACION,NOTAS) values ('bd1','4242560','2014-2015','ap','5.5');
Insert into MATRICULA (CODASI#,DNI,CURSO_ACADEMICO,CALIFICACION,NOTAS) values ('ing2','242256','2014-2015','no','7');
Insert into MATRICULA (CODASI#,DNI,CURSO_ACADEMICO,CALIFICACION,NOTAS) values ('ing2','2422560','2014-2015','no','7');
Insert into MATRICULA (CODASI#,DNI,CURSO_ACADEMICO,CALIFICACION,NOTAS) values ('ing2','2424256','2014-2015','no','7');
Insert into MATRICULA (CODASI#,DNI,CURSO_ACADEMICO,CALIFICACION,NOTAS) values ('ing2','24256','2014-2015','no','7');
Insert into MATRICULA (CODASI#,DNI,CURSO_ACADEMICO,CALIFICACION,NOTAS) values ('ing2','242560','2014-2015','no','7');
Insert into MATRICULA (CODASI#,DNI,CURSO_ACADEMICO,CALIFICACION,NOTAS) values ('ing2','24283256','2014-2015','no','7');
Insert into MATRICULA (CODASI#,DNI,CURSO_ACADEMICO,CALIFICACION,NOTAS) values ('ing2','242842','2015-2016','ap','6.5');
Insert into MATRICULA (CODASI#,DNI,CURSO_ACADEMICO,CALIFICACION,NOTAS) values ('ing2','2428420','2015-2016','ap','5.5');
Insert into MATRICULA (CODASI#,DNI,CURSO_ACADEMICO,CALIFICACION,NOTAS) values ('ing2','24284256','2015-2016','no','7');
Insert into MATRICULA (CODASI#,DNI,CURSO_ACADEMICO,CALIFICACION,NOTAS) values ('ing2','2428456','2015-2016','ap','5.5');
Insert into MATRICULA (CODASI#,DNI,CURSO_ACADEMICO,CALIFICACION,NOTAS) values ('ing2','242856','2015-2016','no','7');
Insert into MATRICULA (CODASI#,DNI,CURSO_ACADEMICO,CALIFICACION,NOTAS) values ('ing2','2428560','2015-2016','no','7');
Insert into MATRICULA (CODASI#,DNI,CURSO_ACADEMICO,CALIFICACION,NOTAS) values ('ing2','324256','2015-2016','ap','6');
Insert into MATRICULA (CODASI#,DNI,CURSO_ACADEMICO,CALIFICACION,NOTAS) values ('ing2','3242560','2014-2015','ap','6');
Insert into MATRICULA (CODASI#,DNI,CURSO_ACADEMICO,CALIFICACION,NOTAS) values ('ing2','424256','2015-2016','ap','6');
Insert into MATRICULA (CODASI#,DNI,CURSO_ACADEMICO,CALIFICACION,NOTAS) values ('ing2','4242560','2015-2016','ap','5.5');
Insert into MATRICULA (CODASI#,DNI,CURSO_ACADEMICO,CALIFICACION,NOTAS) values ('ta','242256','2015-2016','su','4.5');
Insert into MATRICULA (CODASI#,DNI,CURSO_ACADEMICO,CALIFICACION,NOTAS) values ('ta','2422560','2015-2016','ap','6');
Insert into MATRICULA (CODASI#,DNI,CURSO_ACADEMICO,CALIFICACION,NOTAS) values ('ta','2424256','2016-2017','su','4.5');
Insert into MATRICULA (CODASI#,DNI,CURSO_ACADEMICO,CALIFICACION,NOTAS) values ('ta','24256','2016-2017','ap','6');
Insert into MATRICULA (CODASI#,DNI,CURSO_ACADEMICO,CALIFICACION,NOTAS) values ('ta','242560','2016-2017','ap','6');
Insert into MATRICULA (CODASI#,DNI,CURSO_ACADEMICO,CALIFICACION,NOTAS) values ('ta','24283256','2016-2017','no','8');
