<?xml version="1.0" encoding="UTF-8"?>
<configurationDescriptor version="100">
  <projectmakefile>Makefile</projectmakefile>
  <confs>
    <conf name="Debug" type="1">
      <toolsSet>
        <developmentServer>localhost</developmentServer>
        <platform>2</platform>
      </toolsSet>
      <dbx_gdbdebugger version="1">
        <gdb_pathmaps>
        </gdb_pathmaps>
        <gdb_interceptlist>
          <gdbinterceptoptions gdb_all="false" gdb_unhandled="true" gdb_unexpected="true"/>
        </gdb_interceptlist>
        <gdb_options>
          <DebugOptions>
          </DebugOptions>
        </gdb_options>
        <gdb_buildfirst gdb_buildfirst_overriden="false" gdb_buildfirst_old="false"/>
      </dbx_gdbdebugger>
      <nativedebugger version="1">
        <engine>gdb</engine>
      </nativedebugger>
      <runprofile version="9">
        <runcommandpicklist>
          <runcommandpicklistitem>"${OUTPUT_PATH}"  -input ./data/ECommerce30.dataset -events 30 -output ./data/ECommerce30-hit.dataset -index-by UserID -report-by DateTime -display Fancy</runcommandpicklistitem>
          <runcommandpicklistitem>"${OUTPUT_PATH}"  -input ./data/ECommerce30.dataset -events 30 -output ./data/ECommerce30-hit.dataset -index-by Brand -report-by DateTime -display Fancy</runcommandpicklistitem>
          <runcommandpicklistitem>"${OUTPUT_PATH}"  -input ./data/ECommerce5.dataset -events 5 -output ./data/ECommerce5-hit.dataset -index-by Brand -report-by DateTime -display Framed</runcommandpicklistitem>
          <runcommandpicklistitem>"${OUTPUT_PATH}"  -input ./data/ECommerce30.dataset -events 30 -output ./data/ECommerce30-hit.dataset -index-by Brand -report-by DateTime -display Framed</runcommandpicklistitem>
          <runcommandpicklistitem>"${OUTPUT_PATH}"  -input ./data/ECommerce30.dataset -events 30 -output ./data/ECommerce30-hit.dataset -index-by Brand -report-by Brand -display Framed</runcommandpicklistitem>
          <runcommandpicklistitem>"${OUTPUT_PATH}"  -input ./data/ECommerce162.dataset -events 162 -output ./data/ECommerce162-hit.dataset -index-by Brand -report-by Brand -display Framed</runcommandpicklistitem>
          <runcommandpicklistitem>"${OUTPUT_PATH}"  &lt;  ./tests/validation/ECommerce162.keyboard</runcommandpicklistitem>
          <runcommandpicklistitem>"${OUTPUT_PATH}"</runcommandpicklistitem>
          <runcommandpicklistitem>"${OUTPUT_PATH}"  &lt; -noargs  ./tests/validation/ECommerce162.keyboard</runcommandpicklistitem>
          <runcommandpicklistitem>"${OUTPUT_PATH}"  -noargs  &lt; ./tests/validation/ECommerce162.keyboard</runcommandpicklistitem>
        </runcommandpicklist>
        <runcommand>"${OUTPUT_PATH}"  -noargs  &lt; ./tests/validation/ECommerce162.keyboard</runcommand>
        <rundir></rundir>
        <buildfirst>true</buildfirst>
        <terminal-type>0</terminal-type>
        <remove-instrumentation>0</remove-instrumentation>
        <environment>
        </environment>
      </runprofile>
    </conf>
    <conf name="Release" type="1">
      <toolsSet>
        <developmentServer>localhost</developmentServer>
        <platform>2</platform>
      </toolsSet>
      <dbx_gdbdebugger version="1">
        <gdb_pathmaps>
        </gdb_pathmaps>
        <gdb_interceptlist>
          <gdbinterceptoptions gdb_all="false" gdb_unhandled="true" gdb_unexpected="true"/>
        </gdb_interceptlist>
        <gdb_options>
          <DebugOptions>
          </DebugOptions>
        </gdb_options>
        <gdb_buildfirst gdb_buildfirst_overriden="false" gdb_buildfirst_old="false"/>
      </dbx_gdbdebugger>
      <nativedebugger version="1">
        <engine>gdb</engine>
      </nativedebugger>
      <runprofile version="9">
        <runcommandpicklist>
          <runcommandpicklistitem>"${OUTPUT_PATH}"</runcommandpicklistitem>
        </runcommandpicklist>
        <runcommand>"${OUTPUT_PATH}"</runcommand>
        <rundir></rundir>
        <buildfirst>true</buildfirst>
        <terminal-type>0</terminal-type>
        <remove-instrumentation>0</remove-instrumentation>
        <environment>
        </environment>
      </runprofile>
    </conf>
  </confs>
</configurationDescriptor>
